Key,RunNum,LatAvg,LatStd,Jitter,NormJitter,ReordAvg,ReordStd,ReordEarliest,ReordLatest,NumOutOfOrder,OutOfOrder,NumReceived,NumLoss,Loss,PadAvg
1.0,1.0,4564086.874308571,8670540.224841416,59459.89251769656,0.524492462930783,2.419367619047619,9.23754677793493,167.0,0.0,41852.0,0.3188723809523809,131250.0,0.0,0.0,0.0
2.0,1.0,3845620.8744,4622819.405818793,115990.60972796268,0.5097355904444718,1.471817142857143,6.9396574146026255,131.0,0.0,26969.0,0.2054780952380952,131250.0,0.0,0.0,0.0
3.0,1.0,3288192.517352777,2167317.281984844,153338.67538714578,0.4495201124031111,0.5028153024450083,2.551038990492523,72.0,0.0,17536.0,0.1336106730058592,131247.0,0.0,0.0,0.0
4.0,1.0,3099167.8626417164,1153273.1998150668,178343.83268285508,0.3916335444693409,0.1915991100816774,0.8845906437953466,25.0,0.0,11649.0,0.0887556381811532,131248.0,0.0,0.0,0.0
5.0,1.0,3146205.73024,1184887.048101626,206823.785463708,0.3633795991300367,0.1635504761904762,0.7529082273748354,17.0,0.0,9763.0,0.0743847619047619,131250.0,0.0,0.0,0.0
6.0,1.0,2885153.1396470536,406228.19978472334,171855.94846782804,0.2509850219538503,0.0232173608253707,0.1922049889331425,7.0,0.0,2312.0,0.0176168487785549,131238.0,0.0,0.0,0.0
7.0,1.0,3069664.270811429,730993.1208039869,230031.33104454447,0.2881099231403987,0.0659657142857142,0.3508573656370274,8.0,0.0,5476.0,0.0417219047619047,131250.0,0.0,0.0,0.0
8.0,1.0,3065081.8090866148,814301.7351694965,248350.78039679927,0.2722573836010538,0.0683134219188102,0.377419097047305,9.0,0.0,5418.0,0.0412806290381567,131248.0,0.0,0.0,0.0
1.0,2.0,4946723.050057143,14653158.837287338,78988.94376827241,0.5960119913411603,2.193950476190476,8.838321285381543,168.0,0.0,40947.0,0.3119771428571428,131250.0,0.0,0.0,0.0
2.0,2.0,3595477.163718095,3734492.21531471,113926.77617366669,0.5007809742284981,1.1395809523809524,5.737186164302707,114.0,0.0,25201.0,0.192007619047619,131250.0,0.0,0.0,0.0
3.0,2.0,3381074.218835721,1779146.9428017903,163486.62556951074,0.4788809501130084,0.6090368790003048,2.097570622163913,67.0,0.0,24033.0,0.1831225236208473,131240.0,7.0,5.333455240881696e-05,0.0
4.0,2.0,3200056.1252666707,1401145.729145127,186136.8598788717,0.4087857245091051,0.2676231256857247,1.326092759166838,51.0,0.0,12546.0,0.0955900280385225,131248.0,0.0,0.0,0.0
5.0,2.0,3090154.061112381,920069.17120469,197317.21431634543,0.3465585378626271,0.1455314285714285,0.6420658113805159,18.0,0.0,9655.0,0.0735619047619047,131250.0,0.0,0.0,0.0
6.0,2.0,3025720.0238498,629303.2226350146,212069.59150573428,0.3104158382851131,0.0797406239046617,0.3686400336061969,11.0,0.0,6952.0,0.052972462244167,131238.0,0.0,0.0,0.0
7.0,2.0,3041212.751527619,624261.6307458293,228693.8949515246,0.2864816352240111,0.0547504761904761,0.3324102293383976,9.0,0.0,4648.0,0.0354133333333333,131250.0,0.0,0.0,0.0
8.0,2.0,3082317.3356905538,831683.8696381688,249258.83964030904,0.2732436912402918,3.007269789983845,221.7979808570348,16404.0,0.0,5492.0,0.0418508245191574,131228.0,20.0,0.0001523832744118,0.0
1.0,3.0,4804108.84792381,9787808.72384756,63247.00706989979,0.5582322771867081,2.154933333333333,8.788566455318989,169.0,0.0,41938.0,0.319527619047619,131250.0,0.0,0.0,0.0
2.0,3.0,3427149.766727619,2646610.110828936,112667.12758820358,0.4952635037619475,1.031702857142857,4.769958240338752,94.0,0.0,25168.0,0.1917561904761904,131250.0,0.0,0.0,0.0
3.0,3.0,3160218.9384371573,11173907.95994512,176260.61705586768,0.4808928089372239,0.6744788492015117,120.7699277788172,43748.0,0.0,16648.0,0.1268438376203828,131248.0,-1.0,-7.619221772688138e-06,0.0
4.0,3.0,3118009.458391747,865017.9933127423,182895.51699829943,0.4015332232384881,0.1870885651590881,0.7149909032707712,18.0,0.0,11949.0,0.0910413872973302,131248.0,0.0,0.0,0.0
5.0,3.0,3046986.1066742856,658679.3771329504,191913.22791660263,0.3365917455249257,0.0945371428571428,0.4494329559315971,9.0,0.0,7148.0,0.0544609523809523,131250.0,0.0,0.0,0.0
6.0,3.0,3081804.242429784,633021.8106063282,222311.00456571832,0.3252246770976953,0.0872994102317926,0.4090871253023038,9.0,0.0,7005.0,0.0533763086910803,131238.0,0.0,0.0,0.0
7.0,3.0,3031723.366498731,749138.6638625166,225741.3317450338,0.2829548571703073,2.8838118611900825,136.95164639913247,18749.0,0.0,5068.0,0.0386277543616283,131201.0,49.0,0.0003733333333333,0.0
8.0,3.0,3001351.785924357,524833.4565028712,235908.0572093044,0.2589524249011442,0.0405263318298183,0.24576600010932,8.0,0.0,4179.0,0.0318404851883457,131248.0,0.0,0.0,0.0
1.0,4.0,4644790.436540952,8968305.105530467,57574.67303534161,0.507882462229714,2.1995657142857143,8.926368623483175,169.0,0.0,42177.0,0.3213485714285714,131250.0,0.0,0.0,0.0
2.0,4.0,3889896.360876192,4987072.510530716,114193.29972466522,0.5019484025312551,1.5239390476190475,7.496125971100364,148.0,0.0,26926.0,0.2051504761904762,131250.0,0.0,0.0,0.0
3.0,4.0,3360139.7541734288,1424447.7724203593,169845.9575318728,0.4974923632769062,0.6358240569308251,2.036054194275174,74.0,0.0,24835.0,0.1892233727247099,131247.0,0.0,0.0,0.0
4.0,4.0,3097270.651743265,888814.4215926995,177003.5457561592,0.3889544516519977,0.2114165549189321,0.8516998783370215,37.0,0.0,12799.0,0.0975176764598317,131248.0,0.0,0.0,0.0
5.0,4.0,3080375.265219048,850610.0890548253,205817.495141374,0.3611486526487882,0.0967161904761904,0.4408518077619121,9.0,0.0,7521.0,0.0573028571428571,131250.0,0.0,0.0,0.0
6.0,4.0,3005405.865236176,526273.3986159624,205344.0093274456,0.300296776805087,0.3900805413107584,0.5995340350861859,8.0,0.0,5809.0,0.0442634318065789,131237.0,1.0,7.619744281381917e-06,0.0
7.0,4.0,3061400.0410514288,940309.8572126525,228245.7020195133,0.2859914611565125,0.05744,0.3262259370537047,10.0,0.0,4809.0,0.03664,131250.0,0.0,0.0,0.0
8.0,4.0,3017122.561235219,681587.5848593123,241552.04543298297,0.2647996914846612,0.0495778983298793,0.2700069181021982,5.0,0.0,4800.0,0.0365719858588321,131248.0,0.0,0.0,0.0
1.0,5.0,4544016.641577143,8814996.36903422,61741.06035938693,0.5447639672161401,2.0755809523809523,8.67608492412804,169.0,0.0,42109.0,0.3208304761904761,131250.0,0.0,0.0,0.0
2.0,5.0,3247139.201365604,12057757.558788542,137658.7075577402,0.5548789173939206,0.800318539291593,3.4387439795691703,80.0,0.0,25139.0,0.1915731878314942,131224.0,26.0,0.0001980952380952,0.0
3.0,5.0,3145571.724443225,1252810.327467925,159585.5470413633,0.4669468465629002,0.3483051041166655,1.3750737297121387,45.0,0.0,16800.0,0.1280029257811607,131247.0,0.0,0.0,0.0
4.0,5.0,3088820.278655675,990465.8697910638,178634.85941788563,0.391984009851093,0.198128733390223,0.7576182346731438,17.0,0.0,11951.0,0.0910566256247714,131248.0,0.0,0.0,0.0
5.0,5.0,3056229.1913066665,936278.267845733,196638.59342279244,0.3448761187816885,0.0932190476190476,0.4502077204336639,10.0,0.0,7045.0,0.0536761904761904,131250.0,0.0,0.0,0.0
6.0,5.0,3065441.151434798,815148.1983918103,216601.1413913677,0.3171116562463079,0.120087169874579,0.5553784534855309,10.0,0.0,8304.0,0.0632743565125954,131238.0,0.0,0.0,0.0
7.0,5.0,2917464.421931602,623475.1728441449,199838.7160295433,0.2503472781973399,519.5684364830847,2996.4818278788134,18748.0,0.0,3189.0,0.0244750414440965,130296.0,5.0,3.8372690923323686e-05,0.0
8.0,5.0,2961603.259120139,594229.2881170921,233003.8346067329,0.2554761457505889,0.0435663781543337,0.2603307898087886,7.0,0.0,4131.0,0.0314747653297574,131248.0,0.0,0.0,0.0
1.0,6.0,4352006.006034286,7654317.344118635,55653.53063256372,0.4908648265527501,2.195733333333333,9.134802963566102,175.0,0.0,41668.0,0.3174704761904762,131250.0,0.0,0.0,0.0
2.0,6.0,3519629.830209524,3672316.491753139,113800.16828173323,0.5016391815848613,0.9076495238095238,4.431846018587978,84.0,0.0,24746.0,0.1885409523809524,131250.0,0.0,0.0,0.0
3.0,6.0,3039116.8680198407,921909.8018592346,154935.44997399874,0.4534706913997197,0.3246550397342415,1.2126392490925544,32.0,0.0,16792.0,0.1279419720069792,131247.0,0.0,0.0,0.0
4.0,6.0,2953657.8419861635,789267.6357891756,168661.82838581488,0.3700030578718771,0.1473622455199317,0.6674597377086658,14.0,0.0,9553.0,0.0727858710227965,131248.0,0.0,0.0,0.0
5.0,6.0,2947990.442261528,647758.5899949733,189426.6578692976,0.3322906889630891,1.1373865463607198,102.4852824997847,26249.0,0.0,6877.0,0.0524077700977739,131221.0,29.0,0.0002209523809523,0.0
6.0,6.0,3056890.280818056,1038112.4376342956,218854.7014458517,0.3198502645567281,0.1034456483640409,0.5081655440553988,12.0,0.0,7058.0,0.0537801551379935,131238.0,0.0,0.0,0.0
7.0,6.0,2951848.6450305185,626219.2845054726,219690.89409413093,0.2751644256769984,1.0386570246359472,103.513712058409,18749.0,0.0,5419.0,0.0412935967873444,131231.0,19.0,0.0001447619047619,0.0
8.0,6.0,2911585.9007908693,561295.8301899225,226034.4703657133,0.2477801658069757,0.034194806778008,0.2373938302992937,8.0,0.0,3380.0,0.0257527733755942,131248.0,0.0,0.0,0.0
1.0,7.0,4409232.35298152,7698770.215423097,65790.7822031886,0.5803296007429402,2.1913964564678987,9.092280470510028,174.0,0.0,42556.0,0.3242979615164793,131225.0,25.0,0.0001904761904761,0.0
2.0,7.0,3409297.9338057144,3609332.1611390174,112496.81880990662,0.4953648959237313,0.741912380952381,3.9911668845379342,88.0,0.0,21924.0,0.16704,131250.0,0.0,0.0,0.0
3.0,7.0,3318285.299183981,2547464.124649664,152919.74368883422,0.4482633002900604,0.5566298658255046,2.629529751519564,52.0,0.0,18579.0,0.1415575213147729,131247.0,0.0,0.0,0.0
4.0,7.0,3087866.575216384,1560232.0445241,170336.4708709562,0.3740741007266314,0.2567505790564428,1.2622543667738828,28.0,0.0,12318.0,0.0938528587102279,131248.0,0.0,0.0,0.0
5.0,7.0,3095942.963428572,1382731.9154735678,191114.7655791284,0.3357694377300982,0.2009752380952381,0.9072889951428856,15.0,0.0,9984.0,0.0760685714285714,131250.0,0.0,0.0,0.0
6.0,7.0,3017909.067549033,767293.9649738965,216802.65031420143,0.3172285316117891,0.1290784681266096,0.5599012573650854,19.0,0.0,8886.0,0.0677090476843597,131238.0,0.0,0.0,0.0
7.0,7.0,2835347.1902276017,419032.790482313,183204.95468359345,0.2294128883269775,551.4960346792325,3046.05002250128,17377.0,0.0,2942.0,0.0226523761125997,129876.0,0.0,0.0,0.0
8.0,7.0,2987197.981759722,717024.3754673757,240248.26302106064,0.2636072320256207,0.0629419114957942,0.3620410930677024,8.0,0.0,4937.0,0.0376158112885529,131248.0,0.0,0.0,0.0
1.0,8.0,4556397.718430476,9174677.129394604,60933.48787823296,0.5374269757689873,2.072129523809524,8.896686724450376,173.0,0.0,41159.0,0.3135923809523809,131250.0,0.0,0.0,0.0
2.0,8.0,3430022.698868063,3119408.702548092,114156.30402821409,0.5006191410789353,1.2826176618853398,7.008606826527234,164.0,0.0,25720.0,0.1964468478377098,130926.0,324.0,0.0024685714285714,0.0
3.0,8.0,3192040.540934269,1950948.381986263,158546.2702048929,0.4644617218435511,0.4776109168209559,2.2377675782014617,70.0,0.0,18042.0,0.1374659992228394,131247.0,0.0,0.0,0.0
4.0,8.0,3075175.220727173,1365458.282096378,171426.83442711734,0.376409345982872,0.2410246251371449,1.1385515138842348,21.0,0.0,12020.0,0.0915823479214921,131248.0,0.0,0.0,0.0
5.0,8.0,2985188.560491889,847002.7942032807,198165.8226199177,0.3483974812273834,0.1060655700233906,0.6761762274002407,34.0,0.0,7965.0,0.060686176656584,131249.0,1.0,7.619047619047619e-06,0.0
6.0,8.0,2870875.9188807504,504143.80090905394,191233.7467478486,0.2794365738065628,1928.8231365790607,5291.362761607726,17466.0,0.0,3176.0,0.0253402907431343,125334.0,0.0,0.0,0.0
7.0,8.0,2965307.98176,658242.9086224643,226719.36665363057,0.2842897958297056,0.0589714285714285,0.3592764180288374,18.0,0.0,5229.0,0.03984,131250.0,0.0,0.0,0.0
8.0,8.0,2957079.491664635,621963.4111678336,253378.92916304385,0.2780152573026692,0.0643362184566622,0.3228805791556127,12.0,0.0,5874.0,0.0447549676947458,131248.0,0.0,0.0,0.0
1.0,9.0,4464327.966194286,8830118.753006564,67264.33715129945,0.5933703020007599,2.060921904761905,8.551852821859839,167.0,0.0,41645.0,0.3172952380952381,131250.0,0.0,0.0,0.0
2.0,9.0,3589892.711862857,4149297.608579564,116091.90560102544,0.5105736062948725,1.4746514285714285,6.788637145447509,126.0,0.0,27040.0,0.2060190476190476,131250.0,0.0,0.0,0.0
3.0,9.0,3162699.933583244,2603710.5530111785,161542.44102793446,0.4732329267832743,0.4507379216286848,2.598109564353464,66.0,0.0,17930.0,0.1366126463842983,131247.0,0.0,0.0,0.0
4.0,9.0,2814541.99034652,677711.222116816,165555.58871506172,0.3631106036144045,0.1594690966719492,0.6522727339932037,22.0,0.0,10084.0,0.0768316469584298,131248.0,0.0,0.0,0.0
5.0,9.0,2865783.1153142857,1005086.1766782044,189838.82250215343,0.3333593733524426,0.1410285714285714,0.6222046717708047,14.0,0.0,9211.0,0.0701790476190476,131250.0,0.0,0.0,0.0
6.0,9.0,2870510.538319694,674397.605651944,222684.09423552032,0.3258253802183732,0.1163077767110135,0.4576494882995639,8.0,0.0,9539.0,0.0726847407001021,131238.0,0.0,0.0,0.0
7.0,9.0,2808894.1048761904,723678.7676780056,217440.567407843,0.272890294148671,0.0514285714285714,0.3887465401883551,31.0,0.0,4793.0,0.0365180952380952,131250.0,0.0,0.0,0.0
8.0,9.0,2815058.3398299403,602455.7446607534,247889.9818505836,0.2719808208844608,0.0550713153724247,0.2743952021053391,6.0,0.0,5575.0,0.0424768377422894,131248.0,0.0,0.0,0.0
1.0,10.0,4484664.456213334,9246787.703427589,59951.99855494772,0.5292298499654007,2.1645561904761905,9.145128934509897,175.0,0.0,39994.0,0.3047161904761905,131250.0,0.0,0.0,0.0
2.0,10.0,3975742.474918096,6556027.841418083,117196.5654803121,0.5166129208686941,1.856815238095238,10.527574661619983,166.0,0.0,27056.0,0.2061409523809523,131250.0,0.0,0.0,0.0
3.0,10.0,3011863.489938817,1739265.7887991087,155156.73465688154,0.4548040038923449,0.4123827592249727,1.8428958177404493,39.0,0.0,17213.0,0.1311496643732809,131247.0,0.0,0.0,0.0
4.0,10.0,2930457.1765055466,1278606.057891579,175469.86761410267,0.3855770541485539,0.2693526758502986,1.4798054278165935,68.0,0.0,12450.0,0.0948585883213458,131248.0,0.0,0.0,0.0
5.0,10.0,2859182.813767619,1013858.228581582,201179.35517067308,0.3542316200741731,0.1096533333333333,0.7219887375161882,32.0,0.0,8261.0,0.0629409523809523,131250.0,0.0,0.0,0.0
6.0,10.0,2707336.684885476,727943.18856229,181062.2297573124,0.264655935710494,0.035614684771179,0.2396550475348627,9.0,0.0,3455.0,0.0263262164921745,131238.0,0.0,0.0,0.0
7.0,10.0,2823490.6131428573,722477.3531331692,228414.74053596632,0.2862495975561079,0.0494019047619047,0.3029728240782496,14.0,0.0,4615.0,0.0351619047619047,131250.0,0.0,0.0,0.0
8.0,10.0,2790046.676711264,664926.7379999608,242662.0478708385,0.2662864250123469,0.055734182616116,0.326033867342889,10.0,0.0,5120.0,0.0390101182494209,131248.0,0.0,0.0,0.0
1.0,11.0,4718781.986910476,10610018.17251828,62243.18953807229,0.5496239182036448,2.1604266666666665,8.85827222757663,169.0,0.0,41446.0,0.3157790476190476,131250.0,0.0,0.0,0.0
2.0,11.0,3210495.301287619,3149037.693589433,115297.11718871017,0.5075321908583273,0.967344761904762,5.516334510797622,113.0,0.0,24867.0,0.1894628571428571,131250.0,0.0,0.0,0.0
3.0,11.0,2831998.994742737,828446.9206846844,158709.41865549935,0.4648221428718403,0.270749045692473,1.1851061453529397,52.0,0.0,16045.0,0.1222504133427811,131247.0,0.0,0.0,0.0
4.0,11.0,3007460.5826222114,1366352.3290026758,186398.554773194,0.4094177514105942,0.3558835182250396,1.276945547608925,33.0,0.0,17392.0,0.1325124954285017,131248.0,0.0,0.0,0.0
5.0,11.0,2771884.691238095,602724.2467020525,194727.7587444064,0.3417153486622797,0.1004723809523809,0.4796848235876071,19.0,0.0,7625.0,0.058095238095238,131250.0,0.0,0.0,0.0
6.0,11.0,2816454.1507261614,894518.4095925946,211362.582879202,0.3092898894403036,0.1182965299684542,0.5879613881327075,19.0,0.0,7703.0,0.0586948901994849,131238.0,0.0,0.0,0.0
7.0,11.0,2829206.146582857,607374.5914797597,234656.4122640516,0.2945586306705242,0.0729295238095238,0.3525152383341989,10.0,0.0,6539.0,0.0498209523809523,131250.0,0.0,0.0,0.0
8.0,11.0,2744839.8278754726,795577.376462906,230898.07663024787,0.2530944454866284,0.0501645739363647,0.3462349995372967,18.0,0.0,4479.0,0.0341262343045227,131248.0,0.0,0.0,0.0
1.0,12.0,4275279.617784889,8821872.197407633,55483.78391602821,0.4893918764160201,2.02913856821732,8.647408207060527,169.0,0.0,40007.0,0.3048500781041643,131235.0,15.0,0.0001142857142857,0.0
2.0,12.0,3103523.9135357537,2595037.3308287147,111358.8755861542,0.489809532307023,3.1225341917787346,4.701837572927003,99.0,0.0,24230.0,0.1846165568212122,131245.0,5.0,3.809523809523809e-05,0.0
3.0,12.0,2740469.883342096,871074.1563941264,143802.03053191956,0.4210371820260735,0.2142296585826723,0.8911872511206491,35.0,0.0,13347.0,0.1016937530000685,131247.0,0.0,0.0,0.0
4.0,12.0,2875122.3794419724,1329383.8822345112,183540.6531762878,0.4032639282246283,0.1759493477995855,0.9193552082204066,33.0,0.0,11512.0,0.0877118127514324,131248.0,0.0,0.0,0.0
5.0,12.0,2739844.853569524,567653.85649715,194199.24371334864,0.3407675593682812,0.0890819047619047,0.4083007395724055,10.0,0.0,7346.0,0.0559695238095238,131250.0,0.0,0.0,0.0
6.0,12.0,2691351.9830003507,587657.3763537952,199912.9588836544,0.2923832730145168,0.072364711440284,0.3817118982099924,9.0,0.0,5928.0,0.045169844100032,131238.0,0.0,0.0,0.0
7.0,12.0,2735116.38976,657505.3025269781,232966.8617970516,0.2922869471895941,0.0553904761904761,0.2993504186291933,9.0,0.0,5292.0,0.04032,131250.0,0.0,0.0,0.0
8.0,12.0,2831175.842190311,1156375.5474957952,259932.1181041005,0.2851698868627985,1.0741486020915272,128.0966314940897,16405.0,0.0,6551.0,0.0499329247842922,131196.0,52.0,0.0003961965134706,0.0
1.0,13.0,4414216.730857143,9592264.467713542,57035.69303987613,0.50340702186293,2.091489523809524,8.69631077537254,168.0,0.0,40487.0,0.3084723809523809,131250.0,0.0,0.0,0.0
2.0,13.0,3202184.5637104763,3273433.9224009807,115999.647528029,0.5107329834145654,1.07328,6.210009589551129,130.0,0.0,24988.0,0.1903847619047619,131250.0,0.0,0.0,0.0
3.0,13.0,2746233.4475378483,891033.1978896538,153457.97103067386,0.4496276270985639,0.2613316875814304,0.9180225352940836,26.0,0.0,15985.0,0.1217932600364198,131247.0,0.0,0.0,0.0
4.0,13.0,2874069.858192125,1563245.8339175938,176963.7463938865,0.3888735969575392,0.2502514324027795,1.225550209179694,45.0,0.0,12794.0,0.0974795806412288,131248.0,0.0,0.0,0.0
5.0,13.0,2684272.971177143,650946.5925176734,189970.5428274107,0.3333063279633074,0.0609523809523809,0.3363500906724244,11.0,0.0,5290.0,0.0403047619047619,131250.0,0.0,0.0,0.0
6.0,13.0,2646508.565575519,489646.3767492522,197904.867345672,0.2892509115935694,0.0647373474146207,0.3269877699112321,9.0,0.0,5792.0,0.044133558877764,131238.0,0.0,0.0,0.0
7.0,13.0,2743795.275809524,692472.0654763733,224278.4706183193,0.2814002401811901,0.0711314285714285,0.4381268260651114,21.0,0.0,5434.0,0.0414019047619047,131250.0,0.0,0.0,0.0
8.0,13.0,2740200.609312142,661459.5709868141,250234.4846803904,0.2744955016077015,0.0541646348896745,0.2866448289313637,11.0,0.0,5363.0,0.0408615750335243,131248.0,0.0,0.0,0.0
1.0,14.0,4656235.3144,10690177.678234143,58283.745334327294,0.514695532006348,2.1704914285714287,8.79038833715227,167.0,0.0,39822.0,0.3034057142857143,131250.0,0.0,0.0,0.0
2.0,14.0,3371277.470193832,3724652.552147816,113108.8402345484,0.4973289749989084,2.2233710227965378,6.088553909593408,113.0,0.0,26491.0,0.2018392661221504,131248.0,2.0,1.5238095238095238e-05,0.0
3.0,14.0,3123747.9509169734,3115256.8780441307,152556.68087401302,0.4475696617940634,0.5176804041235228,2.985078274977806,66.0,0.0,17461.0,0.1330392313729075,131247.0,0.0,0.0,0.0
4.0,14.0,2692306.939557174,763801.0283518574,164524.27333020465,0.3610247298292361,0.1065463854687309,0.5494306037384018,23.0,0.0,7394.0,0.0563360965500426,131248.0,0.0,0.0,0.0
5.0,14.0,2720170.206392381,771893.612983108,191247.8804816344,0.336007686018291,0.0982095238095238,0.4451497545462262,12.0,0.0,7704.0,0.0586971428571428,131250.0,0.0,0.0,0.0
6.0,14.0,2323979.528737209,65652435.89346845,367898.6297468664,0.3891971860344856,0.0226758406290717,0.1953536149776893,6.0,0.0,2123.0,0.0161763473304836,131241.0,-3.0,-2.285923284414575e-05,0.0
7.0,14.0,2731048.5792457145,692999.9307356372,228283.20612984715,0.286291092874788,0.0469714285714285,0.2768736731282476,10.0,0.0,4598.0,0.0350323809523809,131250.0,0.0,0.0,0.0
8.0,14.0,2591477.233664513,545766.1095661247,196118.56388164248,0.2148671945797256,0.0228498719980494,0.1929536816316805,7.0,0.0,2285.0,0.0174097891015482,131248.0,0.0,0.0,0.0
1.0,15.0,4250734.66944762,8524284.245263504,68669.14784464585,0.605884975857523,2.117645714285714,9.052470277851327,174.0,0.0,41047.0,0.3127390476190476,131250.0,0.0,0.0,0.0
2.0,15.0,3216144.296967619,3322562.4662208688,116372.16894247488,0.5118967376212075,1.207535238095238,6.501155479815861,126.0,0.0,25344.0,0.1930971428571428,131250.0,0.0,0.0,0.0
3.0,15.0,2934444.5129945828,1810895.829458982,156382.1149280618,0.4583167344002998,0.4558732771034766,2.5770810441955128,88.0,0.0,17523.0,0.1335116231228142,131247.0,0.0,0.0,0.0
4.0,15.0,2737227.950338291,842901.565340072,171155.58727586785,0.3758760539899081,0.1702044983542606,0.7631740687181043,33.0,0.0,11171.0,0.0851136779227112,131248.0,0.0,0.0,0.0
5.0,15.0,2599891.024097938,530853.619687385,163583.3990718803,0.2870413364653369,1170.5463434278352,4788.119546678417,24460.0,0.0,4068.0,0.0327641752577319,124160.0,0.0,0.0,0.0
6.0,15.0,2747243.20351575,899378.2143798032,211853.6203839275,0.3098778652963531,0.1146161934805467,0.5252158144294269,11.0,0.0,8202.0,0.0624971425958944,131238.0,0.0,0.0,0.0
7.0,15.0,2739748.984106182,647528.6084704894,221985.0901426313,0.2782023735300218,1.032039071666946,1.1130275138168502,10.0,0.0,5005.0,0.0381344955274827,131246.0,4.0,3.0476190476190475e-05,0.0
8.0,15.0,2672489.356485432,503988.852234908,229460.9314196893,0.2516711408062478,0.0446254419114958,0.255824718647591,7.0,0.0,4430.0,0.0337528952822138,131248.0,0.0,0.0,0.0
1.0,16.0,4220738.5029257145,8738659.411179673,59255.78156838672,0.52272549221872,2.04464,8.595327782397526,168.0,0.0,40996.0,0.3123504761904762,131250.0,0.0,0.0,0.0
2.0,16.0,3175137.76544,3392311.719312605,113534.9658425736,0.4996511536134278,1.0314438095238094,5.586855624276111,120.0,0.0,24628.0,0.1876419047619047,131250.0,0.0,0.0,0.0
3.0,16.0,2878967.6166083794,1201325.8403993123,154814.7311443404,0.453005344322086,0.4815119583685722,1.5727604681098386,50.0,0.0,21301.0,0.16229704298003,131247.0,0.0,0.0,0.0
4.0,16.0,2677531.383624893,684451.2803762817,169797.83667989433,0.3724658846761555,0.1027825185907594,0.4285258427715665,12.0,0.0,8574.0,0.0653267097403389,131248.0,0.0,0.0,0.0
5.0,16.0,2607921.28464,557383.1509110448,169044.34097939255,0.2965806612588252,0.0586895238095238,0.3274027290300458,8.0,0.0,5059.0,0.0385447619047619,131250.0,0.0,0.0,0.0
6.0,16.0,2672500.350657387,591338.2469210206,204450.91586358065,0.2980268745758326,2.92747732950335,11.872532953639151,63.0,0.0,5163.0,0.0394432263535451,130897.0,341.0,0.0025983327999512,0.0
7.0,16.0,2770752.190468572,732574.3606622828,239253.6778088696,0.3003244318352707,0.0507657142857142,0.2680557141744293,9.0,0.0,5108.0,0.0389180952380952,131250.0,0.0,0.0,0.0
8.0,16.0,2734870.232041631,768960.5761506577,248593.98313614697,0.2726594438336592,0.0646333658417652,0.3544233895902209,8.0,0.0,5296.0,0.0403510910642447,131248.0,0.0,0.0,0.0
1.0,17.0,4368624.313539048,9263470.84485948,62848.40480988126,0.5546737497007076,2.1773561904761904,8.8109650887879,169.0,0.0,40644.0,0.3096685714285714,131250.0,0.0,0.0,0.0
2.0,17.0,3767173.819946666,4604618.806413884,119168.67710465656,0.5237150403700526,1.8350019047619048,7.339740580878899,139.0,0.0,31237.0,0.2379961904761904,131250.0,0.0,0.0,0.0
3.0,17.0,2969826.0826844247,1434733.3694430308,153756.79958523365,0.4509009803106722,0.3390274751230513,1.5523884713054057,49.0,0.0,16984.0,0.1294058485591941,131246.0,1.0,7.619221772688138e-06,0.0
4.0,17.0,2865072.689762892,692142.0444296368,171152.2870773974,0.3757998877978891,0.1157122394246007,0.5009281367096997,25.0,0.0,9054.0,0.0689839083262221,131248.0,0.0,0.0,0.0
5.0,17.0,2983235.1741221487,783949.9677480301,201862.5489004576,0.3543446258434891,0.3281606085319472,72.47033339859809,26249.0,0.0,8604.0,0.0655787684545087,131201.0,49.0,0.0003733333333333,0.0
6.0,17.0,2901719.024314604,478334.8872176704,203725.5067937035,0.2981676996697853,0.0652707295143175,0.3313961075142421,8.0,0.0,6031.0,0.0459546777610143,131238.0,0.0,0.0,0.0
7.0,17.0,2947806.361577143,554956.8125889248,212867.7593973522,0.2668582369367583,0.0517790476190476,0.2938376089633623,9.0,0.0,4907.0,0.0373866666666666,131250.0,0.0,0.0,0.0
8.0,17.0,2995303.673800744,611331.8955783192,229324.37951430664,0.2514179845418141,0.0457530781421431,0.2920992490386042,10.0,0.0,4139.0,0.0315357186395221,131248.0,0.0,0.0,0.0
1.0,18.0,4978239.688670476,10367207.893159922,65790.87463992773,0.5808850712877427,2.157584761904762,8.83603433991576,169.0,0.0,42178.0,0.3213561904761904,131250.0,0.0,0.0,0.0
2.0,18.0,3415304.6779580954,2618575.5979006668,111903.27252719583,0.4920643187112067,0.8898819047619048,4.56911231554362,100.0,0.0,24892.0,0.1896533333333333,131250.0,0.0,0.0,0.0
3.0,18.0,3158546.0959640983,995565.3431979158,158317.84026706585,0.4636756624566531,0.2801130692511067,1.0411870858985222,35.0,0.0,16652.0,0.1268752809588028,131247.0,0.0,0.0,0.0
4.0,18.0,3137236.9618127514,886380.9953252935,176953.01163065596,0.3887901964364821,0.1772750822869681,0.7737509712938018,36.0,0.0,11595.0,0.0883442033402413,131248.0,0.0,0.0,0.0
5.0,18.0,3300009.961615238,1609045.3384765906,208874.60600406467,0.367347972760967,0.2415695238095238,1.1650077585555598,22.0,0.0,11815.0,0.0900190476190476,131250.0,0.0,0.0,0.0
6.0,18.0,3074910.1294213566,769249.3869565025,203358.2985161942,0.2976399055800978,0.1015559517822582,0.5466040361029929,17.0,0.0,6530.0,0.0497569301574239,131238.0,0.0,0.0,0.0
7.0,18.0,3211414.5626514284,1143933.0141136462,231690.24542229035,0.2907026291342133,0.1153828571428571,0.619253163005758,29.0,0.0,7327.0,0.0558247619047619,131250.0,0.0,0.0,0.0
8.0,18.0,2951144.496761905,15421060.76132886,258698.42854294405,0.2714706927821944,0.0472609523809523,0.2906272333658092,10.0,0.0,4292.0,0.0327009523809523,131250.0,0.0,0.0,0.0
1.0,19.0,4510366.846429388,8542605.655400567,64693.94094218784,0.5705801008263403,2.021179788125905,8.517912057698526,167.0,0.0,40537.0,0.3089474887584787,131210.0,40.0,0.0003047619047619,0.0
2.0,19.0,3713819.3532342855,4388626.035446886,112056.69890058402,0.4924584252882107,1.199832380952381,6.62327018294929,132.0,0.0,24933.0,0.1899657142857143,131250.0,0.0,0.0,0.0
3.0,19.0,3160720.0155203547,1247104.416722048,152589.6183394936,0.4472089616573704,0.2955572317843455,1.3716463936304395,49.0,0.0,16055.0,0.122326605560508,131247.0,0.0,0.0,0.0
4.0,19.0,3445814.93266945,2550917.4485168485,184053.4864012669,0.4047996486089508,0.4217054736072169,2.538734264248764,106.0,0.0,14245.0,0.1085349871998049,131248.0,0.0,0.0,0.0
5.0,19.0,3060280.566377143,717196.6289546975,192243.60652264784,0.3373541668880458,0.0880685714285714,0.426897535375213,12.0,0.0,7058.0,0.0537752380952381,131250.0,0.0,0.0,0.0
6.0,19.0,3041542.363149393,569659.3925892018,207616.08340634228,0.3036496748794757,0.0708255230954449,0.3791172227424614,12.0,0.0,5991.0,0.045649887989759,131238.0,0.0,0.0,0.0
7.0,19.0,3063320.3751009526,16248201.083225189,271316.9673126413,0.324182156205267,1.7496533333333333,179.2479582071877,18747.0,0.0,6122.0,0.0466438095238095,131250.0,0.0,0.0,0.0
8.0,19.0,2991313.242863501,556078.2431634202,216863.92187471813,0.2377308337564375,774.6786426839375,3374.50159296827,15476.0,0.0,3358.0,0.025768132846312,130316.0,0.0,0.0,0.0
1.0,20.0,4405980.866499048,7733126.218076012,60536.13168924178,0.5338363510822236,2.132998095238096,9.113890789341122,175.0,0.0,40918.0,0.3117561904761904,131250.0,0.0,0.0,0.0
2.0,20.0,3370404.456335238,2411684.171555465,115588.25328282648,0.5082334013520995,0.8378666666666666,3.729836165782228,86.0,0.0,24679.0,0.1880304761904762,131250.0,0.0,0.0,0.0
3.0,20.0,3094842.702896066,1047404.9096386929,148142.24612283343,0.4335056316033845,0.2868789381852538,1.0851557517227286,21.0,0.0,13832.0,0.1053890755598223,131247.0,0.0,0.0,0.0
4.0,20.0,3146105.3514796416,1084008.9224260824,174411.0436340333,0.3828779541945483,0.2686669511154456,1.0872203513076262,40.0,0.0,13470.0,0.1026301353163476,131248.0,0.0,0.0,0.0
5.0,20.0,3013247.9687923808,18231177.09246738,240496.18641089887,0.3853903452474534,0.1344304761904761,0.6119600557970158,17.0,0.0,8500.0,0.0647619047619047,131250.0,0.0,0.0,0.0
6.0,20.0,3045729.3223301712,570376.7832568408,213676.6838607085,0.3126368269753483,0.8695088962548101,85.38606585659335,21872.0,0.0,6445.0,0.0491103745189926,131235.0,3.0,2.285923284414575e-05,0.0
7.0,20.0,3074712.8688761904,672078.1996673697,228230.7404926148,0.2860400266861753,0.0536304761904761,0.2949683706618944,7.0,0.0,5053.0,0.0384990476190476,131250.0,0.0,0.0,0.0
8.0,20.0,3012191.52997379,546470.8933020519,237625.1379978544,0.260657851711584,0.0450216384249664,0.2567068342161551,9.0,0.0,4447.0,0.0338824210654638,131248.0,0.0,0.0,0.0
1.0,21.0,4501627.213211428,8169961.651323386,58164.087760211645,0.5134180997599865,2.162133333333333,8.959528931420165,171.0,0.0,41381.0,0.3152838095238095,131250.0,0.0,0.0,0.0
2.0,21.0,3573597.995503357,3778631.712171776,110471.05841428923,0.4854074848941241,1.0905882980588222,5.820578397749318,121.0,0.0,24838.0,0.189301038800692,131209.0,41.0,0.0003123809523809,0.0
3.0,21.0,3461607.586680077,2796612.649190247,156132.13463715682,0.4574714954005361,0.6074805519364253,2.7167474929889743,55.0,0.0,19879.0,0.1514625096192675,131247.0,0.0,0.0,0.0
4.0,21.0,3048895.7261291603,701677.3752596893,173685.81610123866,0.381373221950449,0.1503794343532853,0.594553191722915,23.0,0.0,10860.0,0.0827441180056077,131248.0,0.0,0.0,0.0
5.0,21.0,2988448.841432381,492698.5366631299,183178.88433749747,0.3215687931964058,0.0699809523809523,0.3485845824920803,10.0,0.0,6273.0,0.0477942857142857,131250.0,0.0,0.0,0.0
6.0,21.0,3016431.7611895944,600894.8951499222,206481.1683593111,0.3022137495905893,0.0623066489888599,0.3139523760117018,8.0,0.0,5765.0,0.0439278257821667,131238.0,0.0,0.0,0.0
7.0,21.0,3057526.6548114284,504724.8111101903,218745.8612643762,0.2741461654213189,0.0482209523809523,0.2778953118154941,7.0,0.0,4484.0,0.0341638095238095,131250.0,0.0,0.0,0.0
8.0,21.0,3038575.416372059,565424.6108849588,238714.0994112417,0.26191466355395,0.0408006217237596,0.2419081010751198,8.0,0.0,4187.0,0.0319014384981104,131248.0,0.0,0.0,0.0
1.0,22.0,4528333.675664762,8537947.855846396,65647.70209277897,0.5791135203635674,2.006567619047619,8.620555126388847,169.0,0.0,39746.0,0.3028266666666667,131250.0,0.0,0.0,0.0
2.0,22.0,3903655.7896914287,5193231.5723179225,117447.71674546634,0.5163748404728752,1.3799771428571428,7.657103971344659,153.0,0.0,26069.0,0.1986209523809523,131250.0,0.0,0.0,0.0
3.0,22.0,3418445.7345386944,3056692.426270036,157332.2077627519,0.4613640216380272,0.4776490129298193,3.722957989396724,98.0,0.0,17044.0,0.1298620158936966,131247.0,0.0,0.0,0.0
4.0,22.0,3154721.8075932586,1083606.979987613,172876.83322968206,0.3796863098737177,0.2352645373643788,1.1175730457389748,36.0,0.0,11492.0,0.0875594294770206,131248.0,0.0,0.0,0.0
5.0,22.0,3105668.654545455,759230.2556849322,239771.01270678407,0.3932214416030027,2.203399918467183,47.58637515347564,1721.0,0.0,8022.0,0.0654056257643701,122650.0,86.0,0.0006552380952380,0.0
6.0,22.0,3020068.640302352,539681.8133463102,198228.3747791762,0.2897724560406475,0.0554564988798975,0.2908049515385087,9.0,0.0,5300.0,0.0403846446913241,131238.0,0.0,0.0,0.0
7.0,22.0,3103297.90096,800356.7553619996,219204.5614681419,0.2749482704165716,0.0655923809523809,0.3691787692945845,10.0,0.0,5217.0,0.0397485714285714,131250.0,0.0,0.0,0.0
8.0,22.0,3076428.5966948066,752579.8457993984,226970.0021740562,0.248822051983761,0.0442368645617457,0.2759073569700476,9.0,0.0,3941.0,0.0300271242228453,131248.0,0.0,0.0,0.0
1.0,23.0,5229651.083116824,11471339.29726829,62355.794227389255,0.5507059210077586,2.267339179727084,9.132352704781097,170.0,0.0,40326.0,0.3072480552232779,131249.0,1.0,7.619047619047619e-06,0.0
2.0,23.0,3571945.785417143,3541396.440094191,113035.11054513676,0.4976899252175888,0.9809828571428572,5.458498191096282,112.0,0.0,24664.0,0.1879161904761905,131250.0,0.0,0.0,0.0
3.0,23.0,3102518.997660899,871415.0968776612,146017.04915760955,0.4273866521697147,0.244729403338743,0.9850121490592112,28.0,0.0,13184.0,0.1004518198511204,131247.0,0.0,0.0,0.0
4.0,23.0,3362597.2707317444,2297480.8642351907,172417.07116317857,0.3791554163611905,0.2977569182006583,1.5596213383971815,39.0,0.0,12819.0,0.0976700597342435,131248.0,0.0,0.0,0.0
5.0,23.0,3083364.724007619,754377.8032657926,186986.4815037882,0.3288060937332211,0.0930514285714285,0.5258632046271177,27.0,0.0,7529.0,0.0573638095238095,131250.0,0.0,0.0,0.0
6.0,23.0,3077428.000777214,593441.5977079459,207830.52026157905,0.3038906249365279,0.0639296545207942,0.3486595886472798,12.0,0.0,5601.0,0.0426781877200201,131238.0,0.0,0.0,0.0
7.0,23.0,3104118.804617143,691461.5913036636,218065.6524545008,0.2733500972061639,0.0571504761904761,0.321619920224903,9.0,0.0,4862.0,0.0370438095238095,131250.0,0.0,0.0,0.0
8.0,23.0,3094398.648360356,727658.2194657886,233017.6665668654,0.25540355418214,0.0441225771059368,0.2704452142787102,9.0,0.0,4138.0,0.0315280994758015,131248.0,0.0,0.0,0.0
1.0,24.0,4805268.1029942855,9455315.951849932,58329.60280161766,0.5148912744317319,2.113584761904762,8.697581634890653,167.0,0.0,40045.0,0.3051047619047619,131250.0,0.0,0.0,0.0
2.0,24.0,3483559.5038019046,2683561.735183606,115155.57330528287,0.506393551892818,0.8961295238095238,4.242716950208036,93.0,0.0,24481.0,0.1865219047619047,131250.0,0.0,0.0,0.0
3.0,24.0,3192515.113031155,1130061.9612332943,149187.06576040393,0.4370822407951335,0.3781267381349669,1.5369872213335307,53.0,0.0,16741.0,0.1275533916965721,131247.0,0.0,0.0,0.0
4.0,24.0,3133297.9535628017,961602.1421758386,172438.71734092297,0.3788442685352777,0.1700512836143899,0.8380166198691257,37.0,0.0,11627.0,0.0885994924979616,131231.0,17.0,0.00012952578325,0.0
5.0,24.0,3103076.7594928504,663732.7093762736,245226.46393573107,0.4054304996678669,15.26089034714627,147.46543153775352,1566.0,0.0,7220.0,0.0584923238951674,123435.0,78.0,0.0005954285714285,0.0
6.0,24.0,3064429.4720050595,597829.6229576148,211680.1564011051,0.3095636391697351,0.0634496106310672,0.3102061502494118,10.0,0.0,6043.0,0.0460461146923909,131238.0,0.0,0.0,0.0
7.0,24.0,3114534.0368838096,636694.084409948,226682.39907643848,0.2844416426237786,0.0611657142857142,0.3305530247617968,9.0,0.0,5423.0,0.0413180952380952,131250.0,0.0,0.0,0.0
8.0,24.0,3108276.9400595822,880986.5142789573,241569.11358378103,0.2650412195617272,0.1933834678125976,0.5141338831605021,10.0,0.0,5535.0,0.0421723925118288,131247.0,1.0,7.619163720590028e-06,0.0
1.0,25.0,5561139.688175238,12814450.77580319,65223.528911400375,0.5766982982815831,2.4747657142857142,9.615264601211305,168.0,0.0,40508.0,0.3086323809523809,131250.0,0.0,0.0,0.0
2.0,25.0,3203750.651367619,1750113.0709370177,110857.88945636468,0.4871822187861961,0.5257828571428571,1.9865129957415293,58.0,0.0,20232.0,0.1541485714285714,131250.0,0.0,0.0,0.0
3.0,25.0,3915078.359261545,4332847.093586611,163045.99939992258,0.4780623572061613,1.1173055384123065,4.489244354435312,83.0,0.0,24598.0,0.1874176171645828,131247.0,0.0,0.0,0.0
4.0,25.0,3102753.091582348,1116038.1588055997,177514.8427093313,0.3899446130632533,0.159324332561258,0.8828598862314186,42.0,0.0,10948.0,0.0834146044130196,131248.0,0.0,0.0,0.0
5.0,25.0,3045105.600342857,624157.0806141228,195162.81566531747,0.342943521772027,0.09152,0.4124614326275935,9.0,0.0,7542.0,0.0574628571428571,131250.0,0.0,0.0,0.0
6.0,25.0,3104472.47944193,924913.578444514,214706.5434866808,0.3143769285380902,0.0861869275667108,0.4263376939386674,12.0,0.0,7124.0,0.0542830582605647,131238.0,0.0,0.0,0.0
7.0,25.0,3115223.8111085715,633232.0412913368,234248.3768071295,0.2937616866229966,0.060807619047619,0.3231959317046075,12.0,0.0,5596.0,0.0426361904761904,131250.0,0.0,0.0,0.0
8.0,25.0,3143791.64921853,795583.2678498565,247842.3976910989,0.2719817139254305,0.660915817628994,101.26128161873817,16405.0,0.0,4656.0,0.0354805032500933,131227.0,21.0,0.0001600024381323,0.0
1.0,26.0,4956263.667398095,10416273.423278144,59195.74081814124,0.522644443383173,2.1280304761904763,8.823785359849516,169.0,0.0,39464.0,0.3006780952380952,131250.0,0.0,0.0,0.0
2.0,26.0,3889462.227535238,4556551.893954994,114378.89402853932,0.5026715234647665,1.5011961904761906,6.96573646121536,131.0,0.0,27403.0,0.2087847619047619,131250.0,0.0,0.0,0.0
3.0,26.0,3051679.0398409106,709097.2279284347,143175.89784945792,0.4188810254696271,0.2171782974087026,0.8530704687134228,31.0,0.0,12778.0,0.097358415811409,131247.0,0.0,0.0,0.0
4.0,26.0,3091088.1449545897,909704.5254428746,168460.3645297305,0.3699004128376646,0.1640939290503474,0.8089352069105568,25.0,0.0,10107.0,0.0770068877240034,131248.0,0.0,0.0,0.0
5.0,26.0,3129484.851173588,805622.0121497238,233677.03505927464,0.3881785762412701,3.630755094144957,122.4095379251958,26248.0,0.0,10284.0,0.0828927005416559,124064.0,71.0,0.0005475047619047,0.0
6.0,26.0,3063589.668746857,678035.6493136382,199059.61385615385,0.2911576894693353,0.0825675490330544,0.4011734241797541,8.0,0.0,6472.0,0.0493149849891037,131238.0,0.0,0.0,0.0
7.0,26.0,3097101.546666667,508264.7212240004,229730.82415324505,0.2881172873524198,0.0696609523809523,0.3415840588680385,8.0,0.0,6228.0,0.0474514285714285,131250.0,0.0,0.0,0.0
8.0,26.0,3121042.6873857128,839491.6678920806,244195.9082815553,0.2679685749031485,0.0598942460075582,0.3223542336521284,10.0,0.0,5329.0,0.0406025234670242,131248.0,0.0,0.0,0.0
1.0,27.0,4426850.127824762,7793213.338207438,63403.06865847251,0.5589190407225644,2.07319619047619,8.90639882466025,173.0,0.0,41103.0,0.3131657142857142,131250.0,0.0,0.0,0.0
2.0,27.0,3449117.477463748,2676527.916758135,114837.8402637004,0.505034078492248,0.8731797642361296,4.402516344974241,106.0,0.0,24491.0,0.1866222672650933,131233.0,17.0,0.0001295238095238,0.0
3.0,27.0,3158330.2253689608,1193834.4426946358,147051.69944591337,0.4302171730432498,0.3490441686286162,1.440320693617538,48.0,0.0,14316.0,0.1090767788978033,131247.0,0.0,0.0,0.0
4.0,27.0,3353391.1756141046,1975972.272885757,175965.43415832447,0.3866496704375541,0.396333658417652,1.97286968633116,65.0,0.0,13803.0,0.1051673168353041,131248.0,0.0,0.0,0.0
5.0,27.0,3126945.6835657144,788884.0272770146,196962.26131035507,0.3461404791601227,0.1305980952380952,0.5661750602821589,9.0,0.0,8978.0,0.0684038095238095,131250.0,0.0,0.0,0.0
6.0,27.0,3153481.341059754,773715.2024602796,224852.827912792,0.3289882596915235,0.0858059403526417,0.4304517941875131,14.0,0.0,6877.0,0.0524009814230634,131238.0,0.0,0.0,0.0
7.0,27.0,3111224.901714286,504026.4886583231,228088.56968946004,0.2857697102979019,0.0409066666666666,0.2499132735408286,9.0,0.0,4150.0,0.0316190476190476,131250.0,0.0,0.0,0.0
8.0,27.0,3094322.9272065097,737254.6926014143,236534.1954198496,0.2593498548909757,0.0690981957820309,0.3637136008319162,12.0,0.0,5638.0,0.0429568450566865,131248.0,0.0,0.0,0.0
1.0,28.0,4618068.598003809,14905533.967643552,82318.13437323556,0.621829241742446,2.1260038095238096,9.004161249182472,173.0,0.0,40114.0,0.3056304761904762,131250.0,0.0,0.0,0.0
2.0,28.0,3911786.845219048,4743704.428710668,115078.14585274553,0.5057486435630536,1.4680761904761903,7.017440034495137,136.0,0.0,26825.0,0.2043809523809523,131250.0,0.0,0.0,0.0
3.0,28.0,3788602.864275808,3787230.130832569,161332.04951383782,0.4731483941432078,1.087858743198549,120.8310845674906,43748.0,0.0,19559.0,0.1490527503010165,131222.0,25.0,0.0001904805443172,0.0
4.0,28.0,3149419.9669937827,852620.6088331544,182403.42220770312,0.4007446013043759,0.1833932707546019,0.8673022458284072,32.0,0.0,11810.0,0.0899823235401682,131248.0,0.0,0.0,0.0
5.0,28.0,3323469.9984141504,1547767.034584439,208488.47262147145,0.3663322401698883,32.837946020128086,33.00340207301135,146.0,0.0,13045.0,0.0994586764257395,131160.0,90.0,0.0006857142857142,0.0
6.0,28.0,3040287.759065688,495700.4384502212,224779.20105676856,0.3182959400090764,401.1129379587859,423.68554911092406,21872.0,0.0,5488.0,0.0431317688112042,127238.0,40.0,0.0003047897712552,0.0
7.0,28.0,3079006.3294019047,830407.2894385712,217914.2107951861,0.2731054982357726,0.0449219047619047,0.2558452792321501,7.0,0.0,4489.0,0.0342019047619047,131250.0,0.0,0.0,0.0
8.0,28.0,3035512.563566683,484202.5460269176,225369.218978706,0.2472106229562371,0.0435663781543337,0.2768684393523791,10.0,0.0,3978.0,0.0303090332805071,131248.0,0.0,0.0,0.0
1.0,29.0,4421325.040129524,7561065.983629509,60150.39081880564,0.5306519367805359,2.102392380952381,8.782643525941893,169.0,0.0,40762.0,0.310567619047619,131250.0,0.0,0.0,0.0
2.0,29.0,3560371.1952,3169322.2278165435,116414.77259910927,0.5122209682847849,1.0977142857142856,5.545388519598225,118.0,0.0,25300.0,0.1927619047619047,131250.0,0.0,0.0,0.0
3.0,29.0,3124783.9683878487,1231808.4596469554,146867.48863593186,0.4300333222037985,0.2204850396580493,0.9256679703698796,30.0,0.0,12976.0,0.0988670217224012,131247.0,0.0,0.0,0.0
4.0,29.0,3085866.421819761,767711.9810051654,169815.0880186344,0.3727097427996523,0.1497470437644764,0.6640722541165678,19.0,0.0,10166.0,0.0774564183835182,131248.0,0.0,0.0,0.0
5.0,29.0,3064788.0167619046,13502794.518151317,231900.5114674804,0.3881141586841351,0.0884571428571428,0.3947963278216736,11.0,0.0,7587.0,0.0578057142857142,131250.0,0.0,0.0,0.0
6.0,29.0,3179065.762370655,1078060.7945376586,213107.48311144568,0.3119308600999691,0.1475106295432725,0.6384304589793953,13.0,0.0,9412.0,0.0717170331763666,131238.0,0.0,0.0,0.0
7.0,29.0,3086169.141752381,483599.9521792298,226123.95602888733,0.2834512431351042,0.0462095238095238,0.279275487583319,11.0,0.0,4434.0,0.0337828571428571,131250.0,0.0,0.0,0.0
8.0,29.0,3070213.2483847374,670593.1834773587,236499.491697708,0.2594248881508634,0.045029257588687,0.2755580296238221,10.0,0.0,4267.0,0.0325109715957576,131248.0,0.0,0.0,0.0
1.0,30.0,4934253.507535238,11833101.433257824,81531.2703107745,0.6292273329289246,2.140182857142857,8.825420281870658,169.0,0.0,39953.0,0.3044038095238095,131250.0,0.0,0.0,0.0
2.0,30.0,3352580.283497143,2226538.4356696755,113807.42174296174,0.5002895099997011,0.8193066666666666,3.954120032835577,90.0,0.0,24579.0,0.1872685714285714,131250.0,0.0,0.0,0.0
3.0,30.0,3324092.6804346005,2139490.9759941045,150257.99622155743,0.4406749188162419,0.5003466745906573,2.9769542546548107,92.0,0.0,17363.0,0.1322925476391841,131247.0,0.0,0.0,0.0
4.0,30.0,3065746.1241237964,551381.2800633905,173585.58780068494,0.3809742422786128,0.1424555040838717,0.5453345088541771,19.0,0.0,10802.0,0.0823022065098134,131248.0,0.0,0.0,0.0
5.0,30.0,3049308.8378361906,701708.3123701294,184326.54776909,0.323560487509181,0.0837485714285714,0.3863143052129795,9.0,0.0,7243.0,0.0551847619047619,131250.0,0.0,0.0,0.0
6.0,30.0,3036808.9587390847,577496.1793857157,201841.26638077645,0.2955951231909605,0.0719684847376522,0.3728200341414839,16.0,0.0,6416.0,0.0488882793093463,131238.0,0.0,0.0,0.0
7.0,30.0,3198756.911535238,1033038.0510053344,236709.69277071295,0.2969434940785361,0.087847619047619,0.4330824578940951,8.0,0.0,6725.0,0.0512380952380952,131250.0,0.0,0.0,0.0
8.0,30.0,3043233.7076831646,518301.6073565823,231375.6199849465,0.25359805084604925,0.034575764964037546,0.22501211937653992,8.0,0.0,3486.0,0.02656040472997684,131248.0,0.0,0.0,0.0
